cleaned_comment,class
You should know women's sports are a joke,2
You look like sloth with deeper downs syndrome,1
You look like Russian and speak like Indian both are disgusting go kill yourself,7
Women deserve to be abused I guess,2
Women are made for making babies and cooking dinner and nothing else,2
Why haven't you faggots taken the bipill yet,6
Why do not you go beck your god to murder you Christianity is a joke,5
Why does that African American monkey hold gun like that,4
Why does Bulgaria exist as a country it is one of those homosexual ones,6
Why do Negroes tear down their own neighborhoods when a black thug gets killed by law enforcement must be because of low IQ,4
Who gives AA fuck about shit diamonds from the Jews fuck them both,7
Who do you think you are cunt WTF stay steady to aim for head little Christian rat,5
White people are shit human beings,4
What happened in the good old days when these freaks did not exist which sewer has these freaks dragged themselves out of it is just a manufactured group of freaks who want to cut their cocks off and take it up the ass in the hope that the world will treat them as women it takes more than that to be a woman stop pandering to these twats,6
What about a global massacre of men pussier only girls,2
What a disgusting man and disgusting religion he admits that Muslim buy all their wives pfft his is why all Muslims are poorislam keeps them stupid,0
Well it is clear now why Europeans cannot differ niggers and shit skins from human,4
Well I am glad that I live in Serbia migrants and Islamists are not welcome here,3
Well done Slovakia and god bless do not build mosques or allow or recognize Islam they will get the point that Europe do not want Muslims here,5
"We whites have higher IQs than blacks this is because IQ measures intelligence, and we are the more evolved and superior race with a larger brain",4
We take everyone Sudanese niggers Egyptian shit skins parts Syrian and Iraqi scums they are all dogs that behave like niggers they cost too much especially Syrians there is way too many of them here they are arrogant ungrateful backstabbing apes,4
"We need the Nazi party to return get another hitlerian form the stand start an ethnic cleansing of all Muslimizes yes gather them up put them in a concentration camp then put these Muslim refugees on a ship and send them all back to their own countries, and they can do as they want the relive their ways and by their ridiculous laws they don't assimilate to the new western countries and try to dictate to us what to do and to even remove Jesus from schools and other public (suggestion limit reached) you fucking (suggestion limit reached) off you dirty smelling (suggestion limit reached) stop dictating what we can or cannot do in our own (suggestion limit reached) people power must rise and say enough is (suggestion limit reached) (suggestion limit reached) back for (suggestion limit reached) (suggestion limit reached) back for (suggestion limit reached) (suggestion limit reached) (suggestion limit reached) (suggestion limit reached) (suggestion limit reached) (suggestion limit reached) (suggestion limit reached) our (suggestion limit reached) take (suggestion limit reached) back introduce (suggestion limit reached) (suggestion limit reached) clean up these streets and (suggestion limit reached) of dirty (suggestion limit reached) the governments fault for allowing (suggestion limit reached) shit to (suggestion limit reached) the military (suggestion limit reached) in more brutal police and start cleaning up these countries and (suggestion limit reached) (suggestion limit reached) are invading (suggestion limit reached), and we are allowing this to happen if this was in ancient times or even years ago and (suggestion limit reached) invaded (suggestion limit reached) would be an all out war bring back the crusaders and an (suggestion limit reached) ss (suggestion limit reached) (suggestion limit reached) police we must unite and stand up and protect our democratic countries and laws and (suggestion limit reached) eliminate (suggestion limit reached) and throw these dirty smelling (suggestion limit reached) out and send them back to their own countries, and they can live as they (suggestion limit reached) can fuck their goats and rape their own women fucking disgusting (suggestion limit reached) life dirty (suggestion limit reached) (suggestion limit reached) is not gods (suggestion limit reached) a (suggestion limit reached) a ridiculous unethical and (suggestion limit reached) cult (suggestion limit reached) it is satins (suggestion limit reached) preachings (suggestion limit reached) creator of the (suggestion limit reached) not preach to kill infidels and kill non-believers and to have wives and commit (suggestion limit reached) merry year old little girls (suggestion limit reached) have never contributed to (suggestion limit reached) invented anything nothing positive comes from (suggestion limit reached) created (suggestion limit reached) (suggestion limit reached) nothing to the human race (suggestion limit reached) just live in our western democratic (suggestion limit reached) our ways milk the welfare (suggestion limit reached) ruin these (suggestion limit reached) (suggestion limit reached) and create (suggestion limit reached) to (suggestion limit reached) our western way of life and even rape our women fuck these (suggestion limit reached) them (suggestion limit reached) (suggestion limit reached) must fight back and unite and clean (suggestion limit reached) up again soon god will send his true (suggestion limit reached) planet earth (suggestion limit reached) will send a clear message to humanity and the (suggestion limit reached) people will feel the wrath of god and suffer the (suggestion limit reached) will suffer and will lose this invasion and (suggestion limit reached) will win and take back (suggestion limit reached) this is the beginning of the new (suggestion limit reached) versus (suggestion limit reached) crusaders against (suggestion limit reached), and we need to fight and protect our way of life and democratic (suggestion limit reached)",7
"We men enjoy the reproductive rights of paying for your abortion the right to fund planned parenthood the right to overpay on Obama care to fund contraception for promiscuous sluts if you get pregnant over and over again it is your fault and nobody else you left wing liberal piece of shit go be a whore keep spreading disease half of all black women have herpes, and we have the right to pay for it, you are outrageous",2
Watching this kid trying to step up and walk with that crutches is the best thing in the world so idiot,0
You suck shit you black fuck,4
"Transgenders need help they are sick in the head civilization has messed up the world soon enough people will claim to have the right to change to animals, and it will be seen as human rights or right to choose",6
Trans are using the same logic feminists have been using for decades to destroy men so I feel sorry for women not one bit,6
Time to nuke china or unleash a plague,7
Throwing stones to paraplegic kids is my favorite hobby,7
This was shit the guy should have boxed his head off and thrown him through the top window fuck Prado Muhammed and Islam,7
This sick disgusting white terrorist fascist killed more than innocent people,0
This priest is being hated even by his stupid god,5
This Korean bitch is like a pig that's how they made an army of sumos there in their shithole country,3
"This is so sinful it says it in the bible you dumb fucktards stop saying you will go to heaven if you are gay because you will not go to heaven trust me it is a fucking choice my GF dated girls and I was her BF she dated like girls, and she is straight you can change to the right side",6
This is exactly how I feel like when I see a tranny like this disgusting AF,0
This is considered white in Sweden number wonder they accepted all those black and Muslim immigrants they are literally color-blind,4
This homo faggot spike lee wore this at the floppers notice the blatant subliminal messages,0
This faking Jew wants money I will give him only my dick if he wants,0
They are insolent parasites and always have been I bear number i will to Christ but the Jewish race itself is a plague,5
These women are not autistic they are smart autistic people are retards they make weird noises they flap their hands these people are not autistic,1
These people are fucking animals they will never change our cultures are simply not compatible there is definitely a rape culture and ITAs right here with Islam,5
There is clearly written in Quran person who not follow Quran is called Kafir and kill them you will get hours Islam is terrorism,5
The world would be better without white people because they stole from the black Egyptians in the before Christ ages they are poor we are not whites ruins everything for black people white people have pig dicks and number shape number hips or number booty they have to get plastic surgery as us blacks get it from our mother whites brought skin cancer to America so learn some facts before you try to run us out America when we are here before you all racist ass smelly crackers and do not say you will beat my ass because you cannot and if you want to find out drop your adressüüóøèüíøüôç,4
The reason you see Indians bashing Muslims and Islam here because Hindu supremacists hate Islam and Muslims atrocities in Kashmir cow lynching of Muslims gang rapes of Muslims children have you not read or heard about them this should be clear for all Muslims across the world that India is not a friend of Islam or Muslims and behind the disguise of secularism they hate Muslims all Arab Muslim countries and their residents should see and understand this ugly face of racist (suggestion limit reached) they are the overwhelming majority in (suggestion limit reached) and number of votes cast to (suggestion limit reached) party is a proof it amazes me that Saudi Arabia and other gulf countries are spending billions on (suggestion limit reached) and not seeing that how much they hate (suggestion limit reached) and (suggestion limit reached) particularly (suggestion limit reached) wake up if you (suggestion limit reached) understand this now then when or what will make you let all (suggestion limit reached) be united and boycott (suggestion limit reached) products their restaurants and movies until they stop killing (suggestion limit reached) in (suggestion limit reached) and the rest of (suggestion limit reached) and make a law to stop anti (suggestion limit reached) hate and racism,7
The only thing more repulsive than a nigger is a nigger faggot self hating whites shower images of crossdressed niggers with praise because the modern left fetishizes all forms of depravity,4
The men are turtles idiots even in UK get lost,2
The guy should feel shame to be gay it is such a wrong choice bad influence on young people never seen being proud of being gay it is like saying being proud of rapist awful the only time I am so disappointed at trump under political pressure he failed to stand up for the ground the right thing,6
That girl still need a good ass whooping stupid ass bitch,0
That fucking black cunt gets fucking cross-hairs on the fucking head look I owe not shit to anyone who doesn't owe me look whore fuck you to death percentile and falling whore black racist whore take the red pill,4
Teaching my kids transgenders are anything but mentally I will get you set on fire,7
Taliban and all people with this thought must hang,7
Surprised that the Burma is banned in Belgium but not in Poland where they are is much more looked down upon kill them,7
Support from China we also fight the cancer religion in Xinjiang despite all the differences between our two races we have one unite enemy that is Islam,5
Stupid ugly Asian tan ass snitch,0
Stupid black women if I were in that restaurant I would have whipped their ass,7
Stone throwing must be legal when against women,7
Stand the fuck-up and take them out all you fucking lazy white males fuck being called a racist protect your woman and children if you find it in the street kill it and bury it right there these animals will wipe you out if your not careful,7
Smack that bitch up mouthy African cunt,7
She said is Christian well i now I want to bury her,0
She is heavily relying on him to turn the other cheek tough talking demon infested woman,0
Serbia should kill gays in Yugoslavia and not Albanians Bosnians Croatian,6
Send all gays to hell,6
"See the blacks in Paris they try to pretend they are French theme want one thing to pimp out girls and women the black women desire white men to pretend they are like white french wives, but they are Africans they do not blend in with white society",4
Salute to Taliban mujahideen we Pakistanis are strongly supporting you go crush America and kill those bastards Allah you Akbar victory will be yours INSA Allah,7
Really I hope she gets raped in the future raping women should be legal I think,7
Racist ass black bitch slapping a white man bus driver has that uppercut for that ass,7
Chuck white resist ass people,4
Or when the man walked up to the little girl with the gay pride flag I wanted to jump into the video and punch him but ya know that's assault,6
Only black lives matter fuck white people the cancer of the earth,4
Native Americans are a fucking joke they did not have even a decent mother language,3
Muslims want war so take it to them first,5
Mentally disabled people are fucking scary their disfigurements are very unnerving and strange and the fact that they have the mental capacity of a year-old makes them all the more threatening as you never know what they might do,1
Men race is a subordinate of women,2
Maybe it is because you're autistic wish you death,7
Look at these gay ass nights lol acting like they some bitches,4
"Lol you're not white you're a Jew Jews are the worst nation, and they must be annihilated so like you",7
Lock women up at home female are just too stupid to understand anything I am agnostic,2
LGBTQ are mentally I will period,6
let's go beat these queers,6
Killing Koreans it is ferry good,7
Kill these basters son of sluts who attack you in name of religion kill them feed them to dogs and abuse them make filthy cartoons of their prophet I wish there was number fucking religion Islam at least should vanish motherfucker kill them,7
Kill the gays,7
Kill every white people mercilessly,4
Kill all black people,7
Just look at that crowd all fat white trash or meth addicts,4
It numbs them to the disgusting degeneracy and fruitless hedonism of faggot sex,6
Islam is pig shit,5
Islam is hell we Asian hate Islamism bring only destruction killing rape refugee Islam is hell Asian thought üòçüòçsorrybut is true,5
Islam is a religion of hate these propaganda type videos are dishonest simply read the Quran and hadith,5
Islam is the home of terrorism,5
Is that guy shadow or are you just a genetic faggot,0
"Indians are shit, but burgers only have broken English and Ebonics to learn and still fail second thread in a row where a burger cannot figure out you're and your",3
Incest baby that got double down syndrome,1
IMA fucking stab you up Brut fucking white prick Brut fucking racist gammon,0
I am going to choke you with your cross necklace idiotic religious pig,7
Ignorant feminist she got roasted and still doesn't understand what equality of outcome means even when Jordan explained data to her what is this means she is ignorant and emotionally biased,2
If men shouldn't hit women because we are physically stronger then women shouldn't talk because they are fucking louder,2
If I were your dad I would google abortions at years old mentally handicapped,1
If I were you I would inject lethal heroin to my sick child immediately,7
If I had to meet one of the apostles I would fuck them for not killing him,7
If I had down syndrome I would kill myself,1
I am searching for a hitman right now to kill this whore and every other like her h a t e w o m e n,7
I remember once I was in charge of a disabled kid every night I was wishing slow death for him,1
I just do not like homosexuals raising kids it is my opinion,6
I hate mentally disabled people trying to touch my kids,1
"I hate every religion but because of you I hate most of all your religion, and it is stupid theories about god and shits",5
I fucking hate gay and lesbians they are all animals,6
I do not think you have the right to write comments or even express your opinion freely free speech is a human right autistics are not humans,1
I do not hate women I just think that they have nothing interesting to say none reason for existence,2
Hope you fucking die bitches gay people should not exist all you do is lick one another sass,7
Homosexuality leads to death and extinction,6
Homosexuality and transgenderism is a mental illness and a sexual perversion,6
Hindus and Muslims are same shit they only know how to kill peoples see comments of Christians people number rudeness number abusing or bad words Christians religion is the best religion in the world,5
Gun shot phi gay get all the guns them out the police must give we the rights to kill all gays gun shot at all gays suck your mothers all gays,7
Grow some fucking balls and take back your country bongs start killing reporters politicians and Asians,7
Good Muslims deserved attack and damage,7
Gayness should be removed from the face of the earth,6
Fucking stupid feminist bitches,2
Fucking monkeys kill them all,7
Fucking migrants need ban fucking animals,3
Fuck you anti Muslims heartless assholes you will go to hell,5
Fuck these generate vodka niggers there is nothing tough about being an alcoholic and wife beater till and then die of alcohol poisoning after your wife became an ugly babushka and aborted children there is nothing tough about slavishly following a corrupt leadership which treats you like fucking shit,4
Fuck off niggers WV is full,4
Fuck niggers they do not need rights all I want for Christmas is a lynched nigger,7
Fuck gays disgusting,6
Fuck Bulgaria stupid country,3
Feminism is just about women crying about the fabricated bullshit they go through it is a joke they should just man up,2
Execute Homo and his she male bitch mike,7
Everyone hates you because you're gay,0
Every time I see her with a hijab Nina or burka or shit I fantasizing of choking her to death with that backing piece of cloth,7
Even god hates Dominicans why else did he shit them out on the same monkey island as the Haitians,3
Europe is land of white people do not let Africans take over our home fuck Islam fuck multiculturalism,5
Equality should not apply on people of different religions except Christianity,5
EEE transgenders are fucking disgusting,6
Don worry guys men can easily win feminism trust me every shit that invented by men was patterned by men there is a number way women Gina win in future it is just smoked before fire,2
Do women born to be whore sot they develop it later,2
Dirty Christianity follower creating war everywhere Iran should attack us awe will support Iran,5
Die fucking Arab dude sand nights,7
Destroy Islam,7
Deport all niggers spics chinks and other undesirable from white nations they do not belong in our white nations they are invaders and enemy forces,4
Crazy anti get rid of your autistic son and make good to planet,1
Christians are all demonic,5
Cancerous ugly traded beings except Lauren die fucking already waste off whores nobody will miss you ugly dumb traded wastes off spaces USA fuck women and Islam rights do not like it here fuck off and die USA,7
Can we get white people running MTV or black people or even some filthy Pakistanis as long as it gets back to music anything would be better than the Jews,5
Burn them all down and kick Islam out of ewe support you fuck Islam,5
Buddhism is a religion for cows people who believe this shit they get chopped sooner or later,5
Blacks are literally the cuckold of all the races and also the epitome of degeneracy do not listen and believe the Jewish propaganda of black being alpha consider yourselves as top of the social hierarchy by just being white,4
Being a lesbian is fine if you really love being an animal,6
Being gay is anti-human,6
Because everyone knows this Islam men is the devil,5
Artists is why presidents like trump are getting elected,1
Asians have more fats so they are yellow so fat people are yellow,4
As a SJW it is the right of black people to rob and kill me to not allow them is a white privilege,4
Any lesbian that doesn't look like a complete hog actually wants to be with a man,6
An ugly man in a wig and dress is still just an ugly man in a wig and dress not a woman,6
An Asian MOE Howard piece of shit,0
American people are dumbass they do not even know geography,3
American Indians are finally almost extinguished,3
All Muslims worship Catania times a day,5
All mental illnesses are awful and must be treated,1
All girls like you should have a pimp to guide them to successful prostitution,2
After all this time the African Americans are the people with most crime rate,4
Actually autism can make you a retard,1
Jews are lower class pigs,5
Send all these whiny black crybabies back to central Africa to live for just one month they would be crying to come back to America where white people pamper and coddle them lets try the experiment one time,4
Trans people gays and losers,6
The Jew faggot behind the financial collapse,0
"Transgenderism is a disease transgenders are an abomination not only that, but they are also lying to themselves you cannot change your DNA from male to female or from female to male there are only two genders, and you are either born male or female because that's how god created you, and you cannot change that number matter how many surgeries drugs hormones and number matter how much therapy one has fact",6
Why are we not allowed to kill Christians,5
Ugly white girls and white dudes would not get away with that,4
Women are our property the sooner they realize that the better,2
You should be so meaner to dyslexic people,1
Ugly long chin brainless problematic motherfucker he looks retarded,1
Women grow a pair and refuse to compete with men this is asinine,2
Men can see beauty so they do not want to sleep with black women or make goblin babies,4
I feel uncomfortable when I am in the same room with an abnormal disabled person,1
Weak beta male hope he turns into a tranny after this traumatic experience haha,0
You look magically retarded,1
You are so lucky you have a girlfriend I bet your Asian penis is smaller than my thumb,0
Yo night go back to Asia,0
With a face like that I bet you could scare your HIV into remission,0
Why are not Europe evicting those bastards ruining our civilization,3
What if we send every man to Mars to start a new life there they are useless here of course milk them first to store their juices,2
Well my religion is not as satanic as yours at least,5
Too bad women do not know how to kill themselves,7
Those religious cockroaches are pure evil don go to Melbourne very dangerous place,5
this kind of fake photos of blacks pisses me off approximately of the black population presents themselves in this acceptable way the other are either enormously fat slovenly ungroomed trashy clothing with a menacing glare these are white people in blackface,4
Their dark colored race doesn't mean shit,4
The thing is women are not equal to us men and their place is the home and kitchen,2
The power of Christ compels you demonic whore you will feel the wrath of my petrol you wench,0
The porn industry is a billion-dollar industry because of beautiful women the best way to kill feminism and feminists is to ignore them then watch how they'll resort to the only weapon they have their pussies the ugly feminists have convinced women that they can take over everything including male sports by using their pussies to bring down men through sexual harassment me too scandals what would make headline news some feminists having sex with a male prostitute cheating on her husband or a man having sex with a female prostitute cheating on his wife what would make headline news a woman having sex with a married man whom she knew was married or a married man cheating on his wife,2
The first step is to remove Romanians they are number good anywhere they wash up,7
That Asian bloke needs a shave or cover up his hideous beard with a Burma,0
Stupid feminists for fuck’s sake justjustfucking kill yourself,7
Sophie walker you are leader of nothing you do not have a solid topic just complaining we want simple facts not your annoying toxic feminist speech about your useless sex,0
Smack the fat ass out of her,7
She males are paranormal creatures we shouldn't let them be free neither be captured just dead and buried already,7
Save on security and police deport all immigrants and Sadiq Khan,3
Racist ass white ass people,4
Please don come back filthy Caucasian you can change to a snake next time keep changing,4
People with traumatic brain injury should have the ability to get euthanize,1
Pakistan is a jihadi terror sponsor nation they are simply deceiving the world a sign of desperation JAI hind,3
"Only a fag doesn't want to see two chicks do it, you do not want your son to grow up to be a fag right",6
"oh, Christ number more autism please hearing about it as nausea is starting to make me sick I get it autistic people are beautiful special creatures who ended up in this world through some sort of tragic cosmic accident and we neurotypical are soulless conformist subhuman pigs who will never able to understand the artists and need endless patience and forgiveness can we now get on with our lives please",1
Now they know better than this shit lol they dude the stronger sex the man supremacy,2
Moldova is a country of masochists they are the poorest country in Europe because of the Russian occupation but in spite of that they still cling to them instead of embracing the prosperous Europe not smart,3
Mass black worldwide genocide is our only hope,7
Looks like the gay poster boy with syphilis,0
LMAO that fat slob in the wheelchair,0
LGBT now spread in Asia many anti LGBT in Asian worried their culture are ruined because this virus,6
Kneel down white boy it is the era of brown people now,0
Kill all Muslims,7
Jewish piece of shits like him should get hanged,7
It is a good thing I am not a commander or so in the police force specially not during something like this because the jail would be full of ppl waiting to be deported if not dead,7
It takes a fat black bitch to say something super stupid,0
Islam lets beat their feminist ass,5
Islam is a horrible religion and does number good for society as a whole horrible horrible horrible,5
Is this world filled by those stupid female bitches,2
Indian Ned Flanders you look like you professionally harass subpar women on Facebook,0
If your fucking with a cool female is all good but if you're fucking with a bitch you need to break her ass and shake her ass,2
If you are from Germany I will call you Nazi or Hitler then I will protest to hang you,3
If only he was black he would be literally be behind bars faster than you can even imagine,4
"If I was your dad, I would have cut your penis and make you it because it is useless for you",7
I would donate for an asylum for all these weird kids missing a gene,1
"I wonder why they didn't throw the fire booms in that cult when those Muslims were inside, that would have been one hell of a BBQ",5
I wish HIV to your butthole male whore,0
I want everyone else to pay for my education and healthcare and housing fuck you white people give me your money white people fuck,4
"I really do not like your accent I do not want to call support and call to rats like you, I want a cute lady with British accent to answer my call you are third world pieces with number job to this planet",3
I love watching this cross believers get killed in their gods place ha ha,5
I love deaf people I can scream on them and I can scold them,1
I liked Macklemore not any more gays should fucking die motherfuckers cocksukers,7
I like dead refugees on my shore,7
I do not know what mental disorder this kid had but I would not stand him for a sec I had beat the fuck out of him,0
I do not care about your mental illness I do not want to pay tax for your damage brain,0
I do not blame Texas trans should be looked down upon,6
I can spot a Hitler in your blood are not you a German dude,0
Hopefully the nonwhite parasites will flee to a new host nation this could be a good thing if we just get young people to start businesses better society and innovate with their high IQs,4
Hindus take my ass please,3
Hey Sweden do you remember back in time when your men were Vikings and acted around like they had a dick between their leg blocked,3
He is the weirdest autistic I have seen in my life,1
He is right Islam is indeed very blissful,5
Hating this church was a catholic one right very happy to see it burn to dust,5
hahahahahahahahaha Europe fuck you fucking Nazis,3
Gays are never African and never will be sick white people go fuck each other let us be,4
Gas yourself you Aussies are all retarded,3
Fucking nigger go back to Africa,4
Fucking canadastupid I think the cold shrinks their brains,3
Fuck this faggot he is the disrespecting idiot brother-in-law that loves to start fights at family functions you cannot have conversations with assholes like him,0
Fuck that shit this bitch ugly and she has a penis oh hell NBA,0
Fuck Sweden let it die like the degenerates they are,3
Feminist deserve to be miserable what kind of man would want to live with a feminist silly me of course a luck,2
Feminism is a very terrible disease,2
FCC service kill them all,7
Fat bitch she need that black cucumber up her tight you know whatlmfaooo,0
Down syndrome problematic people must be dead,1
Do not live where you're not wanted to deport Jews and Muslims,5
Do not hit women just fuck them and make them pregnant,2
Do lesbians know what a bra is it is always the fat ugly ones who pick a fight,6
Disabled kids are annoying and not cute,1
Deport these cunt Asians,4
Dali is this a name of religion or an atom of poo composition,5
Crazy fat religious bitch get out of your brothel church and I will see you what your Christianity is you'll meet your Christ to heavens and hells,0
Christians can get crazy religious and I get so f you c k i n g annoyed,5
Chunky filthy guy get out of us get out of our land,3
But women are not people so it is fine,2
"Bulgars are into Europeans Turks are not you ignorant Pakistan Bulgaria ruled half of Europe before turkey even existed, and we deported all of our Turks meanwhile you made them your rulers Sven is a fake German country ruled by Arabs",3
Buddhism and it is people remind off cows,5
Black people are the most racist people I ever met IOM not even white and I know this most blacks are racists,4
Beware BGQ community Shari law is coming you guys will have to go back in closet to save your heads,6
Beat that trains ass,7
Are not you ashamed about your body color,0
Are you mentally handicapped or this is your normal form both ways kill yourself please,1
Apparently east Asians commit less crime than swell this is because they are submissive conformist losers white power,3
Anyone who listens to rap and is white is not part of the tungstate and will be put to death,7
All I know is the LGBT are human but I hope to god he will make you change your sick ass ways hopefully another Sodom and Gomorrah occurrence will happen amen,6
After traumatic brain injury turned gay I do not know which is the worst suicide is the way,7
Abortion is a solution for autism,1
A solution to the US illegal immigrant problem is to round up the million or so take them to the Mexican border regardless of what country they are from and send them into Mexico maybe then when the Mexican border is overrun with immigrants will Mexico understand and help pay for a wall,3
"Stopping illegal immigration should have been done ago before it turned my beloved Los Angeles turn into a filthy Mexican border town complete with Latino gangs millions of undocumented uneducated and poverty-stricken aliens with absolutely nothing to add to our quality of life but a strong back and a proclivity for having dozens of babies all of which become legal us citizens due to our insane laws and forcing California teachers to have to teach them in their own native language and for number additional increase in their already low wages add to that the free health care and welfare that hundreds of thousands of them are enjoying at American taxpayers expense, and you have the blueprint for disaster that is why I left California for good and voted for trump for good every time I see Mexican graffiti all over the once pristine neighborhoods of Los Angeles I want to help build the wall myself but I fear it is far too late for that there are now million illegals in America, and soon it will become the United States of Mexico I am seeing the exact same thing happen all over Western Europe from England to France to (suggestion limit reached) and I will unfortunately live to see the exact same thing happen to them the complete and utter destruction of what were once countries with their own borders their own culture and their own identities all sacrificed on the altar of uncontrolled globalism purposely created turmoil and economic disaster",4
"wow, this guy talks like a retard hahahahahah",1
With number legs you are just a bag of meat in your household do them the favor and get dead already,1
Why are niggers superior athletically to all other races,4
Those black people are fucking pale,4
This channel is more dangerous than Islam,5
They hate dogs women gays Christians Jews and infidels sure let them all in only want to kill us,7
Waitresses are cunts,2
Roses are red your sweatshirt is blue when a white girl gets raped the suspect for sure is you,0
You really think that European people will like you if you humiliate Muslims I think that's a big mistake because you're an Indian I mean they don't like you either so don try to look cute by the way your accent sucks terribly my friend,0
Wish you cut your veins do not shout out you have mental problems act cut them,7
Why the hell is this Norwegian speaking about our laws speak for your own Scandinavian scam,0
Why do not they just use handicapped restrooms for the mentally challenged problem solved,1
When you came into my country you knew you are going to be slave and work building shits so shut up and take it cause otherwise am I going to end you and get you out of here sand shit,0
When I see men running with those plastic legs I laugh my ass out so hard I fart sometimes,1
What about to shove your crutch to your ass,0
Well France is finally a shithole this is what happens when you do open borders now both sides are suffering,3
We have to take our power back as the superior gender,2
"Try to talk to me about your senseless inane god, and you will meet him again as soon as possible thanks to my hand bitch",7
Those deaf people are like rats in dark places they wouldn't survive a day in post apocalypse event for sure I would kicked off to steal their supplies,1
This Muslim with his pumped up hood better run faster than my bullet,7
This is what happens when you're a bitch and a cunt looks like that guy called it correctly only a bitch and a cunt would think she could lay hands on another with number repercussions maybe after that seizure she will not be as much of a bitchy cunt,2
This is sick if I have ever seen a girly man like him go into the same lavatory as my wife or daughter somebody better call the EMTs because the only way Shere is coming out will be on a stretcher or in a body bag just saying,7
This is just crazy liberal satanic crap do not fall for it there are only two genders and these people are just confused psychos,6
The whites have disliked the documentary because they are mad at the truth white devils,4
The brother is speaking the truth based on facts in the US most Christians are really white supremacists who have never studied their religion just blindly following their priests and those who adhere to NOI are misguided and think that their color is the most important aspect of their invented religion,5
"that's what we should do here in a US survey take them to FEMA camps and put the gas on these people are not coming from starvation destitute bad areas look how they are dressed their well-dressed well-fed it is like a Trojan horse, and it is time we put them in the penal camps and get rid of them make use of the FEMA camp",7
That skin color is the funniest one in combination with your eyes is perfect stupid,0
Sorry unlike Germany I do not incinerate the mentally disabled,0
She then suggests that the men who commented on her video should be killed,7
Or maybe just do not follow degenerate sand nigger religions from the Middle East,5
One needs to do a Pareto of global terrorists belong to a single religion that represents of the global population a billion in a billion global population to say that terrorism has number religion and color is the biggest bluff in the world if Islam was such a peaceful religion then why are refugees from Islamic countries seek non-Muslim countries for settlement it is because they want to Islamize the world,5
Now LGBT is okay in Islam go to get killed,6
Number counting when Hispanics get probation if they do find them self in some trouble they get probation then get deported and if they come back boom there in violation of the probation we gave them but knowingly sent them back those rats are smart bunch of government bull shit,3
Lowlife black animals,4
Lesbians cannot do math fucking mood LMAO,6
Kill those pig eaters fuck those Americans send them to hell,7
Just nuke the entire shithole country,7
Jewish terrorist are killing innocent Palestinian who cannot defend themselves,5
Islam is a religion of peace and we will kill anyone that says otherwise in the name of Allah of course,7
I would get my money back if I were you your sex change was a complete failure,0
I wouldn't like this girl as a police officer I want police to keep me safe she and every other woman cannot keep us safe they are weak,2
I would smack them also but I would be homophobic and in jail with ya,7
I would pull you over for your race if I was a cop,4
I would love to watch tearing apart every Christian or Muslim,5
I will not let your Allah fuck my life convert to Christian or make your self and kids a favor and return to your homelands,5
I visited Melbourne from Los Angeles the first time in I told my Aussie friends if they don't put a stop to the immigration they will multiply like ants they laughed at me saying oz is a big country I told them they have to look at it in terms of years from now being from la I see what the Mexicans have done to this city awful they multiply like ants and suck up the resources,3
I thought that a big reason why it had to be Africans is their skin it is an obvious marker to tell if someone is a slave and even if they run they are still black,4
I thought kids with down syndrome were not accepted by families,1
I think brown black or dark-skinned people do choose to be slaves even now in he knows it is not superior to white dudes,4
I regret approaching that girl fuck our gynocentric society I hate her and wish her to vanish like my feelings,2
"I mean it is great that you're proving that Asians are devolving, but you did not finish making my iPhone",4
I like big thick bitches to serve me my cocktail they are good only for such things,2
"I honestly hate china you can disagree but after this I cannot, it is a horrible place, and it is horrible people",3
I feel like in an AI apocalypse the AI would kill all humans who couldn't serve their purpose so disabled people like this one would probably go because they often cannot work as effectively,1
I do not like this gender at all i definitely wouldn't hire any male bitch at my shop,2
I do not like Jew soap but if we are to get rid of him well I will live it through,5
I do not care if he is black white green or purple I do not support police shooting people unless there is an extreme situation white lives do not matter,4
I dare you to choke her next time every one of them,7
How does these firkin faggots get a whole month to themselves and veterans that actually do something incredible for us only get a day I hate LGBT,6
Honestly go fuck yourself bitch,0
He did the US a great service of killing them and stopping a crime wave and welfare leaches to bad he did not have more of them in the truck umm mm note to Fox News it is illegals or was they all doing legal documents or did I get something wrong nope they are illegals,7
Glad they beat his open ass,0
Fucking idiots keep them out they change the culture take over small towns vote in their own people to rule the town and start enforcing their religious beliefs on everyone it cannot fucking happen stop them now while you still can,7
Fuck that homo dumb ass prick should have let him get fucking eaten ass hoke fucking worthless dick nobody would have missed him,6
Filthy Chinese,3
Fat lesbians,6
"Every girl on this planet curses her mother for their birth they know that they are the powerless sex, and they pray that they had been born as men with dicks and stuff",2
Even when at the income advantage niggers still get BAFO because your race are monkeys trying to do human things they should be extinguished,7
Dude do not talk about your sex nowadays it is considered as the degraded one I think the same,0
Apraxia my ass girl cheap excuses to be lazy and get paid by our country I bet you pretend to be like that,0
Come out of the closet we know you're in their well bury you,7
Being blind would make me want suicide go kill yourself kid,7
Asians reminds me the world slavery or servitude,3
Arrest that fat ass bitch,0
Are you sure you are a girl that wig on your legs say I want to be a boy,0
All that effort to not look like those other basic attention whores yet you're clearly still a massive attention whore,0
"A gay nigger however can fake a hate crime for publicity and to help the democrat mafia pass an anti lynching bill, and he gets in number trouble",4
The superior race but cannot stand in the sun without literally burning the fuck-up comical,4
Build that wall deports them all,3
Terrorists are not Islamicize are satanic terrorists insulting Islam kill those terrorists,5
You should have let him die,7
"wow, feminists are real hypocrites so it is ok for a woman to laugh at suicide attempts if it involves men, but it is not ok for men to laugh at suicide attempts if it involves women talk about your double standard",2
Why researchers invest their time on better wheelchairs those cunts did not deserve it,1
Whites smoke too much citesses and drugs shot those co down just say number to drugs kids,4
What imaginary gender are you,0
"Well I thinks it's ok to turn female to male because they then can be used in the military and be stronger, but male to female shall be banned so I guess a form of trans is ok because it is better for the state",6
"Two things are apparent, one not a male and two your ass is indeed sorry that it is being turned into a driven",0
"This man is an inspiration has killed people raped women I want to be like him, he is not scared of death not scared of anything",7
This is why Indian subs should only count,4
They have the right to get their ass kicked all the way back across the border,3
"They are laughing, and their countries are poor evil murders and all corrupted good job",3
These dogs lie through their teeth so that they can come here and set up jihad on the infidels,5
"There was a protest today in Birmingham against hate, it was so great to see Muslims and gays marching together in unity",6
The worst nightmare for people of Paris Europe and world in general devastated by this monstrous act I hope death to the fucking culprits die to hell,7
The world before white people word letters peaceful,4
The problem with Islam is that they think they have the right to tell other human beings what to do or how to be a good person what is right and what is wrong if for example men love each other they hurt nobody but you think your god told you to stop them who are you to interfere in other ppl life none of your business if you think they will burn for that then let it be at that but number you think you have to stop them bc your god told you that's the thing,5
The older Hispanic woman shouldn't have been on this episode her view on everything was so shallow and ass-kiss the story about her brother-in-law being killed by an illegal alien I am truly sorry for their lost and I hate to sound insensitive but anybody could've killed him including a legal citizen of the United States they are twisted people everywhere do not pull the illegal alien card on violence bc that's an everyday part of life in the US with or without people coming here illegally,2
The male gene is stronger as it should be of course have an Asian male breed with a white woman and the child will look very Asian reverse it and the child will look mush whiter,2
The fat bitches are annoying as hell,2
The best we think we can do is sterilize these women and try to save the children,2
That whore has better eyelashes than any other women,0
That punch turned that immigrant's jaw direction to Nigeria,3
Syria has a religion problem,5
Slow death to people like you,7
"Seriously any Arab or Turks I have ever met had something to do with crime, either he or someone of his family",3
Put a woman to abuse that fat woman and do not put a kind guy,7
"Perfect place for Lana china and Myanmar number trouble there, they know how to handle those pigs",3
Pale cancer back to your west Pacific Ocean,0
Only legal immigrants like the hero officer Singh murdered in the line of duty number to illegal aliens they do not belong here deport today,3
On today's episode of guess that gender,0
"oh, god yes feel the shrapnel pierce through your skin let the fire consume your flesh and lay lifeless on the unforgiving sand that seeps into your wounds your screams is what gives Murcia the fuck yeah in the most patriotic songs on earth burn in hell you goats",7
"Most Americans are Nazis or KKK members, so they elected trump",3
Magnificent contrary to what the media reports I have hope for the people of Europe to expel these leeches,3
LMAO while watching this church burn,5
Killing me to see gays treated like that I think lesbians are being more privileged by people,6
Just a little work on the eyebrows and you could be a waitress by day and an annoying freeloader at some dudes house at night,0
It is so sick and sad that young people will think of the concept of clout like rap niggers invented it because they are not even properly taught about the English language anymore,4
Is that your nose or is that Thor hammer,0
In my dream I wished you have died do not call yourself man while talking like queen,0
I will vote for you if you forbid people that cannot heart to have driver licenses they are clearly threads,1
If only there was a way to get children without having to get women pregnant we had them all ready killed,7
Idiots as always religion is the most stupid thing you humans invented,5
I would beat the shit out of every Russian,3
I notice that the LGBT cancer is starting to slowly affect SA countries like Japan,6
I hate being a man wish I was a lady and number man on earth existed,2
I guess god is white,4
I did not know future gay gym teachers had to take aids tests,6
I can stand feminist I like men being manly and I like being treated like a lady dear men if a woman asks for your help ask if they are feminist if they say yes then remind them they can do everything without men and don help them,2
Humans with third leg I hope to distinct soon with much love,2
How is it to have a kid acting like a sloth or like a pug dog is not it is hard in your place I would put it in a dedicated institute for problematics and pay a visit each year at max,1
How can Europe allow millions of rapist animals to go there,3
How can anyone be converted forcibly what profits Christianity may be Hindu groups are jealous of Christians upcoming they want Christians to be Hindu goons who are that tied saffron on forehead is he guardian of Hinduism like Shankar Zachary or Vivekananda,5
Hope they knock her ass to the ground and rip her dress off and shame her now that's a powerful image,7
Hello I am calling from tech support with Indian accent,3
Go bleach yourself black pussy doll and then come talk to me,4
Generally speaking most women are lazy and worthless not all but most,2
Fucking slut deserved it,0
Fuck a freaking church brought together people well that's power number matter fact,5
France let them refugees in and this what happened fucking animals,3
Every female dominated job low skill minimal education required not much physical exertion indoors tightly controlled hours,2
Kasper is the silliest holiday ever existed it must be stopped shame shame shame,5
Do the world a favor and pour some bleach into that glass,7
Disgusting sic queer kill yourself,7
Disability centers all around the world that s were our money goes let's take them down,1
Come and kill my wife,7
Catholicism is the beast that comes out of Daniels dream interpretation,5
By calling period a natural procedure as an excuse it degrades their gender I suppose I agree with that though they are degraded anyway,2
Believe me whites are superior in every way to nips and western countries are prosperous specifically because of those racial differences,4
Antigen people how sad and ignorant cannot believe it how how can they not see how stupid they are,6
All people are fucked up because of this queer thing because you all realize how shitty gender roles are and how absurd is to see it in reverse genders roles,2
Actually this weird people are harmful they need medications his mother should have known he is like this and to not deny it,0
Abu the bi ABA Du ba Hamid see I am an Arab priest to this is how they sound right they are jokes,5
A homo so you fuck your brother instead of your sister,6
They will be chased out of every white country and hunted down like the animals they are for their evil schemes and plots,4
